Team,AvgPosition,AvgWins,Top6,Top10,Pos1,Pos2,Pos3,Pos4,Pos5,Pos6,Pos7,Pos8,Pos9,Pos10,Pos11,Pos12,Pos13,Pos14,Pos15,Pos16,Pos17,Pos18
Anadolu Efes,10.5043,17.6754,0.037000000000000005,0.46749999999999997,0.0,0.0,0.0001,0.0022,0.0103,0.0244,0.0398,0.0738,0.1157,0.2012,0.1884,0.1836,0.1476,0.0129,0.0,0.0,0.0,0.0
