Team,AvgPosition,AvgWins,Top6,Top10,Pos1,Pos2,Pos3,Pos4,Pos5,Pos6,Pos7,Pos8,Pos9,Pos10,Pos11,Pos12,Pos13,Pos14,Pos15,Pos16,Pos17,Pos18
Fenerbahce,2.0699,22.9684,0.9999999999999999,0.9999999999999999,0.0155,0.9144,0.0585,0.0084,0.0027,0.0005,0.0,0.0,0.0,0.0,0.0,0.0,0.0,0.0,0.0,0.0,0.0,0.0
