Team,AvgPosition,AvgWins,Top6,Top10,Pos1,Pos2,Pos3,Pos4,Pos5,Pos6,Pos7,Pos8,Pos9,Pos10,Pos11,Pos12,Pos13,Pos14,Pos15,Pos16,Pos17,Pos18
Fenerbahce,2.0685,22.9945,0.9999999999999999,0.9999999999999999,0.0173,0.9103,0.0607,0.0101,0.0015,0.0001,0.0,0.0,0.0,0.0,0.0,0.0,0.0,0.0,0.0,0.0,0.0,0.0
