Team,AvgPosition,AvgWins,Top6,Top10,Pos1,Pos2,Pos3,Pos4,Pos5,Pos6,Pos7,Pos8,Pos9,Pos10,Pos11,Pos12,Pos13,Pos14,Pos15,Pos16,Pos17,Pos18
Bayern,5.0547,19.9215,0.8422000000000001,0.9944000000000001,0.0,0.0079,0.0918,0.3411,0.2685,0.1329,0.072,0.041,0.0279,0.0113,0.0042,0.0013,0.0001,0.0,0.0,0.0,0.0,0.0
