Team,AvgPosition,AvgWins,Top6,Top10,Pos1,Pos2,Pos3,Pos4,Pos5,Pos6,Pos7,Pos8,Pos9,Pos10,Pos11,Pos12,Pos13,Pos14,Pos15,Pos16,Pos17,Pos18
Panathinaikos,3.338,21.1033,0.9737000000000001,1.0000000000000002,0.0003,0.1008,0.6589,0.134,0.0529,0.0268,0.0169,0.0062,0.0018,0.0014,0.0,0.0,0.0,0.0,0.0,0.0,0.0,0.0
